Batches,Values,Ranges,Recipes
1.0,65.0,1.0,1.0
2.0,68.0,2.0,2.0
3.0,64.0,2.0,3.0
4.0,77.905412121202914,13.905412121202914,1.0
